date,open,high,close,low,volume,price_change,p_change,ma5,ma10,ma20,v_ma5,v_ma10,v_ma20
2018-09-18,5.08,5.24,5.23,5.06,35973.6,0.15,2.95,5.192,5.362,5.554,40232.25,30652.18,31722.43
2018-09-17,5.35,5.35,5.08,5.07,30069.1,-0.15,-2.87,5.21,5.414,5.58,36890.63,31306.02,31349.83
2018-09-14,5.21,5.29,5.23,5.16,31533.5,0.04,0.77,5.298,5.481,5.606,34819.22,30893.7,31072.62
2018-09-13,5.24,5.24,5.19,5.09,36993.0,-0.04,-0.77,5.368,5.535,5.631,31832.13,29466.95,32756.28
2018-09-12,5.39,5.4,5.23,5.02,66592.06,-0.09,-1.69,5.448,5.593,5.654,27458.43,28508.53,31877.88
2018-09-11,5.46,5.53,5.32,5.32,19265.5,-0.2,-3.62,5.532,5.651,5.676,21072.11,26571.53,29513.35
2018-09-10,5.56,5.66,5.52,5.46,19712.06,-0.06,-1.07,5.618,5.708,5.697,25721.4,30577.35,29556.18
2018-09-07,5.57,5.67,5.58,5.57,16598.05,-0.01,-0.18,5.664,5.727,5.71,26968.17,32296.14,30341.6
2018-09-06,5.65,5.65,5.59,5.57,15124.5,-0.06,-1.06,5.702,5.728,5.727,27101.77,32080.03,32246.57
2018-09-05,5.65,5.74,5.65,5.58,34660.43,-0.1,-1.74,5.738,5.736,5.742,29558.62,33752.6,33722.46
2018-09-04,5.71,5.78,5.75,5.55,42511.95,0.0,0.0,5.77,5.746,5.744,32070.94,32792.68,33153.84
2018-09-03,5.74,5.76,5.75,5.52,25945.93,-0.02,-0.35,5.798,5.746,5.744,35433.31,31393.64,31985.82
2018-08-31,5.77,5.82,5.77,5.72,17266.03,0.0,0.0,5.79,5.731,5.74,37624.1,31251.54,32359.97
2018-08-30,5.72,5.84,5.77,5.69,27408.76,-0.04,-0.69,5.754,5.727,5.74,37058.28,36045.61,33467.4
2018-08-29,5.79,5.89,5.81,5.7,47222.05,-0.08,-1.36,5.734,5.714,5.737,37946.58,35247.23,34899.37
2018-08-28,5.68,5.91,5.89,5.57,59323.78,0.18,3.15,5.722,5.7,5.744,33514.42,32455.18,35857.81
2018-08-27,5.59,5.74,5.71,5.56,36899.9,0.12,2.15,5.694,5.685,5.764,27353.96,28535.0,36631.18
2018-08-24,5.61,5.65,5.59,5.52,14436.93,-0.08,-1.41,5.672,5.693,5.774,24878.98,28387.06,36911.18
2018-08-23,5.72,5.76,5.67,5.5,31850.25,-0.08,-1.39,5.7,5.725,5.799,35032.94,32413.11,40537.9
2018-08-22,5.74,5.86,5.75,5.71,25061.24,0.0,0.0,5.694,5.748,5.803,32547.89,33692.32,41070.53
2018-08-21,5.6,5.91,5.75,5.55,28521.5,0.15,2.68,5.678,5.741,5.791,31395.94,33514.99,40756.18
2018-08-20,5.65,5.7,5.6,5.47,24525.0,-0.1,-1.75,5.676,5.742,5.78,29716.04,32578.0,40540.55
2018-08-17,5.78,5.87,5.73,5.63,65206.69,0.1,1.78,5.714,5.748,5.774,31895.14,33468.41,39978.7
2018-08-16,5.64,5.68,5.64,5.57,19425.0,-0.03,-0.53,5.75,5.753,5.759,29793.28,30889.19,37673.68
2018-08-15,5.78,5.78,5.67,5.63,19301.5,-0.07,-1.22,5.802,5.76,5.744,34836.76,34551.5,37578.68
2018-08-14,5.76,5.78,5.74,5.69,20122.0,-0.05,-0.86,5.804,5.787,5.728,35634.05,39260.43,37251.7
2018-08-13,5.8,5.84,5.79,5.67,35420.52,-0.12,-2.03,5.808,5.842,5.706,35439.95,44727.35,37254.58
2018-08-10,5.88,5.95,5.91,5.75,54697.37,0.0,0.0,5.782,5.855,5.681,35041.67,45435.29,36247.09
2018-08-09,5.63,5.96,5.9,5.63,44642.41,0.22,3.87,5.756,5.873,5.65,31985.1,48662.7,34536.95
2018-08-08,5.76,5.76,5.68,5.63,23287.95,-0.07,-1.22,5.718,5.858,5.617,34266.24,48448.73,33621.54
2018-08-07,5.6,5.76,5.76,5.59,19151.51,0.1,1.77,5.77,5.84,5.586,42886.82,47997.37,33220.29
2018-08-06,5.7,5.71,5.66,5.57,33429.1,-0.11,-1.91,5.876,5.818,5.557,54014.75,48503.1,33311.28
2018-08-03,5.65,5.79,5.78,5.56,39414.55,0.07,1.23,5.928,5.8,5.532,55828.91,46488.99,32343.88
2018-08-02,5.88,5.88,5.71,5.45,56048.08,-0.23,-3.87,5.99,5.765,5.496,65340.29,44458.17,31306.88
2018-08-01,5.97,6.12,5.94,5.76,66390.85,-0.34,-5.41,5.998,5.728,5.46,62631.22,40605.86,29441.97
2018-07-31,5.97,6.3,6.29,5.88,74791.15,0.36,6.07,5.91,5.668,5.419,53107.92,35242.97,27045.07
2018-07-30,6.13,6.13,5.92,5.88,42499.94,-0.18,-2.95,5.76,5.57,5.368,42991.44,29781.81,24930.97
2018-07-27,5.7,6.19,6.09,5.65,86971.45,0.33,5.73,5.672,5.507,5.334,37149.06,27058.89,23960.42
2018-07-26,5.46,5.82,5.75,5.46,42502.7,0.26,4.74,5.54,5.426,5.306,23576.04,20411.2,20150.53
2018-07-25,5.53,5.53,5.5,5.45,18774.37,-0.03,-0.54,5.458,5.375,5.287,18580.5,18794.35,18875.32
2018-07-24,5.5,5.54,5.54,5.4,24208.76,0.06,1.09,5.426,5.332,5.283,17378.03,18443.21,18829.12
2018-07-23,5.44,5.48,5.48,5.3,13288.0,0.05,0.92,5.38,5.296,5.283,16572.18,18119.46,18531.7
2018-07-20,5.33,5.46,5.43,5.27,19106.37,0.09,1.69,5.342,5.264,5.285,16968.73,18198.77,19297.1
2018-07-19,5.33,5.35,5.34,5.25,17525.0,0.01,0.19,5.312,5.226,5.289,17246.36,18155.59,19462.21
2018-07-18,5.27,5.35,5.34,5.27,12762.0,0.05,0.94,5.292,5.192,5.299,19008.19,18278.07,20067.83
2018-07-17,5.28,5.32,5.31,5.19,20179.54,0.03,0.57,5.238,5.17,5.313,19508.39,18847.17,22327.74
2018-07-16,5.21,5.29,5.29,5.17,15270.73,0.03,0.57,5.212,5.165,5.322,19666.74,20080.12,24836.37
2018-07-13,5.23,5.28,5.28,5.15,20494.54,0.04,0.76,5.186,5.161,5.363,19428.8,20861.95,28336.65
2018-07-12,5.09,5.25,5.24,5.04,26334.16,0.18,3.56,5.14,5.186,5.428,19064.81,19889.86,30092.81
2018-07-11,5.1,5.1,5.07,4.97,15263.0,-0.1,-1.93,5.092,5.198,5.49,17547.95,18956.3,31173.43
2018-07-10,5.2,5.22,5.18,5.05,20971.28,0.02,0.39,5.102,5.234,5.558,18185.95,19215.03,32925.43
2018-07-09,5.04,5.18,5.16,5.04,14081.04,0.12,2.38,5.118,5.27,5.61,20493.5,18943.94,32495.59
2018-07-06,5.04,5.15,5.05,4.91,18674.57,0.06,1.2,5.136,5.306,5.66,22295.09,20395.43,33094.38
2018-07-05,5.1,5.16,5.0,4.98,18749.87,-0.1,-1.96,5.232,5.351,5.717,20714.92,20768.83,32887.65
2018-07-04,5.25,5.25,5.12,5.07,18453.0,-0.13,-2.48,5.304,5.406,5.784,20364.64,21857.59,33372.87
2018-07-03,5.26,5.34,5.26,5.15,32509.0,0.01,0.19,5.366,5.456,5.841,20244.1,25808.3,34282.54
2018-07-02,5.58,5.58,5.25,5.22,23089.0,-0.28,-5.06,5.422,5.478,5.885,17394.38,29592.62,33749.16
2018-06-29,5.36,5.54,5.53,5.36,10773.72,0.17,3.17,5.476,5.564,5.931,18495.78,35811.35,34177.55
2018-06-28,5.48,5.48,5.36,5.35,16998.48,-0.07,-1.29,5.47,5.67,5.961,20822.73,40295.76,35813.66
2018-06-27,5.54,5.6,5.43,5.39,17850.31,-0.11,-1.99,5.508,5.781,5.998,23350.54,43390.57,37501.32
2018-06-26,5.5,5.61,5.54,5.3,18260.37,0.02,0.36,5.546,5.881,6.038,31372.5,46635.84,37817.8
2018-06-25,5.61,5.69,5.52,5.47,28596.0,0.02,0.36,5.534,5.949,6.074,41790.87,46047.25,38349.95
2018-06-22,5.5,5.57,5.5,5.35,22408.5,0.02,0.36,5.652,6.013,6.114,53126.93,45793.33,38432.46
2018-06-21,5.51,5.76,5.55,5.46,29637.5,-0.07,-1.25,5.87,6.083,6.162,59768.79,45006.47,38806.29
2018-06-20,5.57,5.7,5.62,5.45,57960.12,0.14,2.56,6.054,6.162,6.209,63430.61,44888.15,40180.53
2018-06-19,6.03,6.03,5.48,5.48,70352.21,-0.61,-10.02,6.216,6.226,6.253,61899.17,42756.77,41459.07
2018-06-15,6.58,6.66,6.11,6.0,85276.31,-0.48,-7.28,6.364,6.291,6.294,50303.63,37905.7,39419.98
2018-06-14,6.41,6.6,6.59,6.38,55617.82,0.16,2.49,6.374,6.298,6.304,38459.72,32543.75,36534.79
2018-06-13,6.42,6.54,6.47,6.37,47946.58,0.04,0.62,6.296,6.251,6.288,30244.15,31331.56,35467.57
2018-06-12,6.24,6.45,6.43,6.21,50302.95,0.21,3.38,6.27,6.214,6.285,26345.69,31612.06,35245.28
2018-06-11,6.2,6.25,6.22,6.16,12374.51,0.02,0.32,6.236,6.195,6.289,23614.37,28999.77,34492.77
2018-06-08,6.2,6.24,6.16,6.1,26056.75,-0.04,-0.65,6.218,6.199,6.293,25507.77,30652.65,34860.15
2018-06-07,6.33,6.35,6.2,6.18,14539.94,-0.13,-2.05,6.222,6.214,6.3,26627.78,31071.59,35842.73
2018-06-06,6.26,6.37,6.34,6.22,28454.32,0.1,1.6,6.206,6.241,6.313,32418.97,32606.1,36844.87
2018-06-05,6.14,6.26,6.26,6.09,36646.33,0.14,2.29,6.158,6.256,6.324,36878.43,35472.91,38170.94
2018-06-04,6.2,6.28,6.13,6.08,21841.5,-0.05,-0.81,6.154,6.28,6.335,34385.17,40161.36,39633.28
2018-06-01,6.12,6.29,6.18,6.11,31656.83,0.06,0.98,6.18,6.297,6.34,35797.53,40934.26,39881.4
2018-05-31,6.11,6.25,6.12,6.04,43495.89,0.02,0.33,6.206,6.31,6.339,35515.39,40525.83,39817.49
2018-05-30,6.19,6.38,6.1,6.1,50751.61,-0.14,-2.24,6.276,6.324,6.346,32793.23,39603.57,39636.87
2018-05-29,6.19,6.31,6.24,6.18,24180.0,-0.02,-0.32,6.354,6.356,6.35,34067.4,38878.5,39867.11
2018-05-28,6.3,6.42,6.26,6.21,28903.3,-0.05,-0.79,6.406,6.382,6.36,45937.56,39985.76,41861.79
2018-05-25,6.52,6.54,6.31,6.29,30246.14,-0.16,-2.47,6.414,6.386,6.365,46071.0,39067.65,43039.82
2018-05-24,6.5,6.58,6.47,6.41,29885.1,-0.01,-0.15,6.414,6.385,6.366,45536.27,40613.86,45720.61
2018-05-23,6.44,6.58,6.49,6.43,57122.44,0.0,0.0,6.372,6.385,6.371,46413.91,41083.64,51837.92
2018-05-22,6.29,6.56,6.5,6.25,83530.81,0.2,3.17,6.358,6.391,6.377,43689.6,40868.97,58406.17
2018-05-21,6.3,6.39,6.3,6.28,29570.5,-0.02,-0.32,6.358,6.39,6.366,34033.97,39105.19,64425.25
2018-05-18,6.22,6.35,6.31,6.2,27572.5,0.03,0.48,6.358,6.383,6.356,32064.3,38828.53,66469.64
2018-05-17,6.39,6.45,6.26,6.23,34273.31,-0.16,-2.49,6.356,6.367,6.317,35691.46,39109.15,66352.62
2018-05-16,6.45,6.61,6.42,6.37,43500.87,-0.07,-1.08,6.398,6.368,6.288,35753.36,39670.16,65731.75
2018-05-15,6.32,6.5,6.5,6.32,35252.67,0.19,3.01,6.424,6.343,6.261,38048.34,40855.72,64461.85
2018-05-14,6.29,6.35,6.3,6.24,19722.15,0.01,0.16,6.422,6.337,6.231,44176.41,43737.81,64515.04
2018-05-11,6.4,6.45,6.3,6.26,45708.29,-0.16,-2.48,6.408,6.343,6.217,45592.76,47012.0,66517.89
2018-05-10,6.56,6.56,6.47,6.4,34582.84,-0.07,-1.07,6.378,6.347,6.186,42526.83,50827.36,65010.13
2018-05-09,6.43,6.61,6.55,6.36,54975.77,0.06,0.92,6.338,6.357,6.145,43586.96,62592.21,64359.76
2018-05-08,6.23,6.51,6.49,6.16,65892.98,0.26,4.17,6.262,6.362,6.1,43663.09,75943.37,62883.94
2018-05-07,6.15,6.24,6.23,6.11,26803.93,0.08,1.3,6.252,6.342,6.058,43299.21,89745.31,62503.56
2018-05-04,6.25,6.27,6.15,6.1,30378.64,-0.12,-1.91,6.278,6.328,6.04,48431.23,94110.75,63332.22
2018-05-03,6.14,6.28,6.27,6.03,39883.5,0.12,1.95,6.316,6.266,6.037,59127.89,93596.09,63166.8
2018-05-02,6.48,6.51,6.17,6.09,55356.41,-0.25,-3.89,6.376,6.208,6.028,81597.46,91793.34,62378.79
2018-04-27,6.3,6.54,6.44,6.3,64073.55,0.09,1.42,6.462,6.179,6.022,108223.65,88067.99,61087.94
2018-04-26,6.32,6.42,6.36,6.22,52464.07,0.01,0.16,6.432,6.124,6.007,136191.42,85292.28,59693.06
2018-04-25,6.53,6.54,6.34,6.32,83861.92,-0.22,-3.35,6.378,6.091,5.992,139790.27,86023.79,58848.86
2018-04-24,6.49,6.83,6.57,6.35,152231.34,-0.03,-0.46,6.216,6.024,5.974,128064.29,79192.9,57083.22
2018-04-23,6.0,6.6,6.6,5.9,188487.38,0.31,4.93,6.04,5.932,5.957,101989.22,66127.3,51265.1
2018-04-20,6.12,6.49,6.29,6.09,203912.38,0.2,3.28,5.896,5.837,5.933,67912.32,49824.51,44726.66
2018-04-19,6.01,6.09,6.09,5.8,70458.34,0.55,9.93,5.816,5.774,5.92,34393.14,35261.8,36042.56
2018-04-17,5.71,5.73,5.53,5.3,25232.0,-0.16,-2.81,5.804,5.752,5.912,32257.31,32553.7,33637.35
2018-04-16,5.83,5.89,5.69,5.68,21856.0,-0.18,-3.07,5.832,5.807,5.929,30321.51,32737.52,35232.65
2018-04-13,5.91,5.98,5.88,5.83,18102.89,-0.01,-0.17,5.824,5.848,5.93,30265.38,32964.23,35513.65
2018-04-12,6.0,6.01,5.89,5.85,36316.46,-0.13,-2.16,5.778,5.864,5.923,31736.69,34107.89,35908.32
2018-04-11,5.72,6.19,6.03,5.72,59779.18,0.36,6.35,5.732,5.89,5.919,36130.47,34093.84,35811.37
2018-04-10,5.67,5.7,5.67,5.6,15553.02,0.02,0.35,5.7,5.893,5.915,32850.08,31673.94,35096.61
2018-04-09,5.66,5.72,5.65,5.6,21575.35,-0.01,-0.18,5.782,5.924,5.927,35153.53,34973.54,35507.88
2018-04-04,5.67,5.77,5.65,5.61,25459.44,-0.01,-0.18,5.872,5.982,5.941,35663.09,36402.89,36679.83
2018-04-03,5.86,5.86,5.66,5.64,58285.35,-0.2,-3.41,5.95,6.028,5.945,36479.09,39628.81,37615.11
2018-04-02,6.05,6.11,5.87,5.85,43377.26,-0.21,-3.45,6.048,6.066,5.952,32057.22,36823.32,37477.36
2018-03-30,6.09,6.16,6.08,6.07,27070.23,-0.01,-0.16,6.086,6.072,5.935,30497.79,34721.0,37040.8
2018-03-29,6.08,6.11,6.1,6.0,24123.15,0.08,1.33,6.066,6.05,5.913,34793.55,37727.77,39684.44
2018-03-28,6.13,6.13,6.04,6.0,29539.46,-0.11,-1.79,6.092,6.012,5.88,37142.7,38063.06,40344.12
2018-03-27,6.11,6.22,6.15,6.1,36176.0,0.1,1.65,6.106,5.981,5.846,42778.53,37708.75,40308.19
2018-03-26,5.87,6.16,6.06,5.86,35580.11,0.07,1.17,6.084,5.947,5.806,41589.42,37528.89,40221.13
2018-03-23,6.1,6.19,5.98,5.8,48549.05,-0.26,-4.17,6.058,5.936,5.769,38944.21,38519.28,40776.17
2018-03-22,6.1,6.32,6.23,6.04,35868.87,0.11,1.8,6.034,5.93,5.73,40661.99,36042.23,40553.93
2018-03-21,6.04,6.24,6.11,6.03,57718.61,0.07,1.16,5.932,5.899,5.671,38983.42,36956.77,40059.28
2018-03-20,5.88,6.05,6.04,5.85,30230.45,0.1,1.68,5.856,5.862,5.615,32638.97,35601.41,39517.57
2018-03-19,5.85,5.97,5.93,5.84,22354.09,0.07,1.2,5.81,5.838,5.562,33468.37,38131.41,40922.32
2018-03-16,5.66,5.99,5.86,5.65,57137.94,0.15,2.63,5.814,5.798,5.52,38094.34,39360.6,41579.87
2018-03-15,5.72,5.72,5.72,5.59,27476.0,-0.01,-0.17,5.826,5.775,5.475,31422.46,41641.1,40486.15
2018-03-14,5.81,5.87,5.73,5.73,25996.35,-0.08,-1.38,5.866,5.747,5.445,34930.11,42625.18,40284.23
2018-03-13,5.94,5.95,5.81,5.81,34377.45,-0.13,-2.19,5.868,5.711,5.411,38563.85,42907.63,40796.76
2018-03-12,5.91,6.06,5.95,5.83,45483.98,0.04,0.68,5.866,5.665,5.371,42794.44,42913.36,41844.65
2018-03-09,5.97,5.97,5.92,5.83,23778.52,0.0,0.0,5.782,5.602,5.352,40626.85,43033.07,41623.75
2018-03-08,5.74,5.94,5.92,5.7,45014.27,0.18,3.14,5.724,5.529,5.332,51859.74,45065.64,42500.96
2018-03-07,5.77,5.91,5.74,5.72,44165.02,-0.06,-1.03,5.628,5.443,5.322,50320.24,43161.79,42708.07
2018-03-06,5.53,5.81,5.8,5.53,55530.43,0.27,4.88,5.554,5.367,5.336,47251.41,43433.74,42938.52
2018-03-05,5.56,5.64,5.53,5.53,34646.0,-0.1,-1.78,5.464,5.286,5.356,43032.28,43713.24,40930.02
2018-03-02,5.4,5.67,5.63,5.36,79942.98,0.19,3.49,5.422,5.241,5.39,45439.28,43799.15,41436.69
2018-03-01,5.36,5.45,5.44,5.32,37316.78,0.07,1.3,5.334,5.174,5.422,38271.54,39331.21,44896.1
2018-02-28,5.29,5.41,5.37,5.26,28820.87,0.02,0.37,5.258,5.142,5.479,36003.35,37943.28,48698.0
2018-02-27,5.29,5.36,5.35,5.17,34434.78,0.04,0.75,5.18,5.111,5.547,39616.07,38685.88,49882.07
2018-02-26,5.2,5.34,5.32,5.14,46681.0,0.13,2.5,5.108,5.077,5.617,44394.19,40775.93,49721.86
2018-02-23,5.07,5.21,5.19,5.05,44104.28,0.13,2.57,5.06,5.101,5.688,42159.01,40214.43,49713.26
2018-02-22,5.0,5.09,5.06,4.98,25975.8,0.08,1.61,5.014,5.135,5.768,40390.87,39936.28,49662.99
2018-02-14,5.02,5.05,4.98,4.92,46884.5,-0.02,-0.4,5.026,5.201,5.857,39883.21,42254.34,51760.59
2018-02-13,5.09,5.18,4.99,4.95,58325.38,-0.09,-1.77,5.042,5.305,5.941,37755.69,42443.29,51283.62
2018-02-12,4.99,5.11,5.08,4.96,35505.09,0.12,2.42,5.046,5.426,6.029,37157.67,38146.81,50903.01
2018-02-09,5.03,5.09,4.96,4.84,35263.57,-0.17,-3.31,5.142,5.538,6.107,38269.86,39074.22,50891.45
2018-02-08,5.01,5.15,5.12,5.01,23437.52,0.06,1.19,5.256,5.67,6.191,39481.7,50461.0,50322.06
2018-02-07,5.15,5.17,5.06,4.88,36246.9,0.05,1.0,5.376,5.815,6.267,44625.47,59452.71,50273.03
2018-02-06,5.49,5.5,5.01,5.01,55335.29,-0.56,-10.05,5.568,5.982,6.346,47130.89,61078.26,50608.48
2018-02-05,5.31,5.7,5.56,5.31,41066.0,0.04,0.72,5.806,6.156,6.437,39135.94,58667.8,50224.37
2018-02-02,5.66,5.7,5.53,5.3,41322.78,-0.18,-3.15,5.934,6.274,6.5,39878.59,59212.1,50898.81
2018-02-01,6.0,6.03,5.72,5.69,49156.36,-0.29,-4.83,6.084,6.4,6.558,61440.3,59389.69,51587.99
2018-01-31,6.16,6.19,6.02,5.98,48774.0,-0.18,-2.9,6.254,6.513,6.602,74279.96,61266.84,50785.99
2018-01-30,6.15,6.22,6.2,6.12,15360.56,0.0,0.0,6.396,6.577,6.633,75025.64,60123.95,50474.94
2018-01-29,6.25,6.3,6.2,6.19,44779.26,-0.08,-1.27,6.506,6.631,6.65,78199.65,63659.21,51794.51
2018-01-26,6.5,6.51,6.28,6.18,149131.31,-0.29,-4.41,6.614,6.675,6.665,78545.6,62708.67,51488.5
2018-01-25,6.7,6.72,6.57,6.44,113354.66,-0.15,-2.23,6.716,6.712,6.665,57339.09,50183.12,45108.89
2018-01-24,6.72,6.78,6.73,6.69,52502.42,-0.01,-0.15,6.772,6.719,6.651,48253.72,41093.36,40748.66
2018-01-23,6.7,6.77,6.75,6.67,31230.6,0.01,0.15,6.758,6.71,6.635,45222.26,40138.7,39196.51
2018-01-22,6.79,6.79,6.74,6.61,46509.01,-0.05,-0.74,6.756,6.717,6.615,49118.77,41780.94,39378.86
2018-01-19,6.8,6.92,6.79,6.76,43098.75,-0.06,-0.88,6.736,6.725,6.603,46871.73,42585.52,38156.14
2018-01-18,6.64,6.91,6.85,6.64,67927.83,0.19,2.85,6.708,6.716,6.59,43027.15,43786.29,37824.97
2018-01-17,6.69,6.75,6.66,6.6,37345.1,-0.09,-1.33,6.666,6.691,6.578,33932.99,40305.13,36200.24
2018-01-16,6.58,6.78,6.74,6.58,50713.18,0.1,1.51,6.662,6.689,6.581,35055.15,40825.93,35810.56
2018-01-15,6.62,6.66,6.64,6.5,35273.81,0.0,0.0,6.678,6.669,6.578,34443.1,39929.8,36579.55
2018-01-12,6.59,6.7,6.65,6.57,23875.83,0.02,0.3,6.714,6.654,6.577,38299.31,40268.34,36810.96
2018-01-11,6.56,6.65,6.64,6.54,22457.04,0.01,0.15,6.724,6.617,6.581,44545.43,40034.66,38530.96
2018-01-10,6.82,6.82,6.64,6.58,42955.88,-0.17,-2.5,6.716,6.582,6.583,46677.27,40403.95,42391.37
2018-01-09,6.75,6.92,6.82,6.75,47652.94,0.01,0.15,6.716,6.559,6.592,46596.71,38254.33,47268.57
2018-01-08,6.7,6.83,6.82,6.66,54554.88,0.11,1.64,6.66,6.512,6.567,45416.5,36976.78,46516.98
2018-01-05,6.58,6.73,6.7,6.56,55106.39,0.11,1.67,6.594,6.481,6.541,42237.36,33726.75,45813.01
2018-01-04,6.62,6.68,6.6,6.54,33116.26,-0.03,-0.45,6.51,6.464,6.515,35523.89,31863.64,44117.59
2018-01-03,6.54,6.67,6.64,6.47,42553.1,0.1,1.53,6.448,6.464,6.496,34130.64,32095.35,43605.36
2018-01-02,6.44,6.57,6.54,6.43,41751.87,0.06,0.93,6.402,6.473,6.471,29911.94,30795.19,43301.05
2017-12-29,6.31,6.6,6.49,6.3,38659.2,0.19,3.02,6.364,6.486,6.461,28537.07,33229.31,43453.64
2017-12-28,6.3,6.38,6.28,6.26,21539.0,-0.01,-0.16,6.368,6.5,6.459,25216.13,33353.59,44002.4
2017-12-27,6.4,6.4,6.29,6.25,26150.02,-0.12,-1.87,6.418,6.544,6.461,28203.4,37027.27,45202.62
2017-12-26,6.36,6.43,6.41,6.31,21459.6,0.06,0.94,6.48,6.584,6.458,30060.06,44378.78,45959.0
2017-12-25,6.55,6.55,6.35,6.3,34877.52,-0.16,-2.46,6.544,6.624,6.448,31678.44,56282.82,46487.0
2017-12-22,6.54,6.59,6.51,6.5,22054.5,-0.03,-0.46,6.608,6.622,6.436,37921.54,56057.18,46232.33
2017-12-21,6.62,6.67,6.53,6.46,36475.36,-0.07,-1.06,6.632,6.601,6.421,41491.04,57899.27,46907.37
2017-12-20,6.7,6.8,6.6,6.58,35433.34,-0.13,-1.93,6.67,6.565,6.403,45851.14,56371.54,47725.08
2017-12-19,6.61,6.74,6.73,6.61,29551.5,0.07,1.05,6.688,6.528,6.384,58697.5,55115.36,48376.87
2017-12-18,6.62,6.88,6.67,6.59,66093.02,0.04,0.6,6.704,6.469,6.364,80887.19,55806.91,50501.73
2017-12-15,6.68,6.73,6.63,6.6,39902.0,-0.08,-1.19,6.636,6.435,6.338,74192.82,53677.97,50679.42
2017-12-14,6.66,6.75,6.72,6.6,58275.84,0.03,0.45,6.57,6.417,6.322,74307.49,54651.22,54002.28
2017-12-13,6.6,6.8,6.69,6.54,99665.14,-0.12,-1.76,6.46,6.377,6.325,66891.95,53377.96,57112.41
2017-12-12,6.34,6.95,6.81,6.24,140499.94,0.49,7.75,6.368,6.332,6.32,51533.22,47539.21,55510.96
2017-12-11,6.29,6.36,6.33,6.26,32621.19,0.02,0.32,6.234,6.271,6.308,30726.63,36691.18,52944.75
2017-12-08,6.17,6.34,6.3,6.15,40475.35,0.13,2.11,6.234,6.25,6.324,33163.12,36407.47,55757.46
2017-12-07,6.23,6.25,6.17,6.14,21198.11,-0.06,-0.96,6.264,6.24,6.348,34994.95,35915.47,58732.11
2017-12-06,6.13,6.23,6.23,6.05,22871.5,0.09,1.47,6.294,6.241,6.379,39863.98,39078.62,62464.39
2017-12-05,6.36,6.36,6.14,6.06,36467.0,-0.18,-2.85,6.296,6.24,6.412,43545.2,41638.37,67584.28
2017-12-04,6.48,6.57,6.33,6.29,44803.66,-0.13,-2.01,6.308,6.259,6.452,42655.73,45196.55,71780.39
2017-12-01,6.31,6.5,6.45,6.27,49634.48,0.13,2.06,6.266,6.241,6.482,39651.82,47680.87,77857.16
2017-11-30,6.23,6.33,6.32,6.18,45543.25,0.08,1.28,6.216,6.227,6.525,36835.98,53353.35,85964.75
2017-11-29,6.2,6.24,6.24,6.12,41277.6,0.04,0.65,6.188,6.272,6.575,38293.26,60846.87,99399.77
2017-11-28,6.08,6.2,6.2,6.05,32019.68,0.09,1.47,6.184,6.307,6.663,39731.54,63482.72,122967.85
2017-11-27,6.19,6.22,6.12,6.05,29784.11,-0.08,-1.29,6.21,6.345,6.746,47737.37,69198.32,121627.9
2017-11-24,6.2,6.24,6.2,6.11,35555.27,0.02,0.32,6.216,6.397,6.798,55709.91,75107.44,120401.46
2017-11-23,6.2,6.34,6.18,6.16,52829.66,-0.04,-0.64,6.238,6.456,6.977,69870.71,81548.76,119386.22
2017-11-22,6.35,6.36,6.22,6.17,48469.0,-0.11,-1.74,6.356,6.516,7.163,83400.47,85850.16,117794.61
2017-11-21,6.2,6.37,6.33,6.17,72048.83,0.18,2.93,6.43,6.583,7.355,87233.9,93530.19,117505.67
2017-11-20,6.25,6.28,6.15,5.91,69646.8,-0.16,-2.54,6.48,6.644,7.548,90659.26,98364.22,114953.94
2017-11-17,6.7,6.72,6.31,6.28,106359.27,-0.46,-6.79,6.578,6.723,7.769,94504.98,108033.45,112407.27
2017-11-16,6.62,6.84,6.77,6.59,120478.44,0.18,2.73,6.674,6.822,7.978,93226.81,118576.15,108302.47
2017-11-15,6.58,6.64,6.59,6.52,67636.15,0.01,0.15,6.676,6.878,8.174,88299.85,137952.67,103543.87
2017-11-14,6.66,6.66,6.58,6.5,89175.65,-0.06,-0.9,6.736,7.018,8.395,99826.49,182452.98,101669.42
2017-11-13,6.82,6.83,6.64,6.61,88875.37,-0.15,-2.21,6.808,7.147,8.615,106069.17,174057.49,98006.61
2017-11-10,6.78,6.88,6.79,6.75,99968.42,0.02,0.29,6.868,7.198,8.832,121561.92,165695.47,94872.67
2017-11-09,6.85,6.88,6.78,6.74,95843.66,-0.11,-1.6,6.97,7.497,9.031,143925.49,157223.69,91281.05
2017-11-08,6.94,6.96,6.89,6.81,125269.33,-0.05,-0.72,7.08,7.81,9.228,187605.49,149739.06,88109.57
2017-11-07,6.92,7.05,6.94,6.83,120389.08,0.0,0.0,7.3,8.127,9.42,265079.47,141481.16,83312.43
2017-11-06,7.13,7.19,6.94,6.85,166339.09,-0.36,-4.93,7.486,8.451,9.623,242045.8,131543.67,78406.91
2017-11-03,7.27,7.5,7.3,7.12,211786.31,-0.03,-0.41,7.528,8.814,9.829,209829.02,116781.09,71553.51
2017-11-02,7.62,7.78,7.33,7.2,314243.62,-0.66,-8.26,8.024,9.134,10.037,170521.88,98028.79,61724.0
2017-11-01,8.26,8.4,7.99,7.8,512639.25,0.12,1.52,8.54,9.47,10.241,111872.63,69135.07,47054.45
2017-10-31,7.87,7.87,7.87,7.87,5220.75,0.72,10.07,8.954,9.772,10.418,17882.84,20885.86,22831.77
2017-10-30,7.15,7.15,7.15,7.15,5255.16,0.65,10.0,9.416,10.082,10.609,21041.53,21955.72,24262.4
2017-05-15,9.99,10.0,9.78,9.76,15250.64,-0.13,-1.31,10.1,10.465,10.855,23733.17,24049.86,25333.77
2017-05-12,9.92,10.0,9.91,9.76,20997.35,-0.15,-1.49,10.244,10.564,10.983,25535.69,25338.42,26088.74
2017-05-11,10.12,10.24,10.06,9.39,42690.31,-0.12,-1.18,10.4,10.645,11.116,26397.52,26480.09,26813.84
2017-05-10,10.56,10.65,10.18,10.15,21014.18,-0.39,-3.69,10.59,10.713,11.235,23888.88,25143.7,26630.47
2017-05-09,10.48,10.63,10.57,10.44,18713.35,0.07,0.67,10.748,10.795,11.36,22869.92,25270.16,29495.87
2017-05-08,10.6,10.75,10.5,10.49,24263.26,-0.19,-1.78,10.83,10.843,11.482,24366.56,26325.93,32525.57
2017-05-05,10.96,11.06,10.69,10.67,25306.49,-0.32,-2.91,10.884,10.939,11.617,25141.15,25419.22,33544.4
2017-05-04,10.95,11.22,11.01,10.87,30147.12,0.04,0.36,10.89,11.011,11.738,26562.65,24973.82,36213.65
2017-05-03,10.94,10.99,10.97,10.85,15919.38,-0.01,-0.09,10.836,11.063,11.837,26398.53,24777.68,37584.76
2017-05-02,10.8,10.99,10.98,10.68,26196.56,0.21,1.95,10.842,11.135,11.905,27670.39,26569.07,37749.55
2017-04-28,10.75,10.8,10.77,10.63,28136.2,0.05,0.47,10.856,11.244,11.975,28285.3,26617.67,39079.16
2017-04-27,10.81,10.81,10.72,10.45,32414.0,-0.02,-0.19,10.994,11.401,12.073,25697.29,26839.07,38534.0
2017-04-26,11.0,11.04,10.74,10.61,29326.49,-0.26,-2.36,11.132,11.586,12.168,23384.99,27147.59,37724.21
2017-04-25,10.96,11.12,11.0,10.96,22278.72,-0.05,-0.45,11.29,11.757,12.269,23156.83,28117.23,37202.45
2017-04-24,11.48,11.52,11.05,10.9,29271.07,-0.41,-3.58,11.428,11.925,12.362,25467.75,33721.57,37237.14
2017-04-21,11.46,11.55,11.46,11.38,15196.15,0.05,0.44,11.632,12.12,12.455,24950.04,38725.22,36954.63
2017-04-20,11.68,11.68,11.41,11.32,20852.5,-0.12,-1.04,11.808,12.294,12.527,27980.85,41669.58,37573.14
2017-04-19,11.7,11.77,11.53,11.33,28185.71,-0.16,-1.37,12.04,12.465,12.598,30910.19,47453.49,38075.91
2017-04-18,12.05,12.17,11.69,11.66,33833.31,-0.38,-3.15,12.224,12.611,12.658,33077.63,50391.84,37821.74
2017-04-17,12.2,12.37,12.07,12.0,26682.52,-0.27,-2.19,12.422,12.675,12.709,41975.4,48930.03,37487.07
2017-04-14,12.55,12.56,12.34,12.27,30350.2,-0.23,-1.83,12.608,12.706,12.741,52500.4,51540.65,37233.87
2017-04-13,12.48,12.62,12.57,12.46,35499.23,0.12,0.96,12.78,12.744,12.752,55358.31,50228.93,36503.71
2017-04-12,12.7,12.7,12.45,12.42,39022.88,-0.23,-1.81,12.89,12.75,12.75,63996.78,48300.83,35545.27
2017-04-11,12.82,12.91,12.68,12.48,78322.17,-0.32,-2.46,12.998,12.781,12.751,67706.06,46287.68,34431.88
2017-04-10,13.25,13.25,13.0,12.79,79307.51,-0.2,-1.51,12.928,12.799,12.743,55884.66,40752.72,31308.9
2017-04-07,13.12,13.21,13.2,12.92,44639.78,0.08,0.61,12.804,12.789,12.718,50580.91,35184.04,28555.23
2017-04-06,12.94,13.25,13.12,12.81,78691.56,0.13,1.0,12.708,12.759,12.698,45099.55,33476.7,27145.04
2017-04-05,12.5,13.0,12.99,12.45,57569.27,0.66,5.35,12.61,12.73,12.683,32604.88,28698.33,24127.51
2017-03-31,12.28,12.42,12.33,12.14,19215.16,-0.05,-0.4,12.564,12.705,12.675,24869.29,25251.64,22409.63
2017-03-30,12.72,12.77,12.38,12.08,52788.76,-0.34,-2.67,12.67,12.743,12.695,25620.77,26044.11,22318.38
2017-03-29,12.64,12.85,12.72,12.64,17233.02,0.09,0.71,12.774,12.775,12.71,19787.18,22927.09,21181.84
2017-03-28,12.7,12.76,12.63,12.56,16218.21,-0.13,-1.02,12.81,12.759,12.713,21853.84,22778.49,21541.53
2017-03-27,12.82,12.9,12.76,12.75,18891.31,-0.1,-0.78,12.85,12.749,12.722,24791.77,22789.72,22029.48
2017-03-24,12.87,12.92,12.86,12.74,22972.57,-0.04,-0.31,12.846,12.72,12.72,25633.98,22576.08,22452.47
2017-03-23,12.9,12.97,12.9,12.7,23620.78,0.0,0.0,12.816,12.686,12.718,26467.45,21865.09,22751.27
2017-03-22,12.75,12.91,12.9,12.72,27566.35,0.07,0.55,12.776,12.647,12.707,26066.99,21926.42,22848.47
2017-03-21,12.63,12.85,12.83,12.63,30907.86,0.09,0.71,12.708,12.636,12.701,23703.13,20813.38,23319.41
2017-03-20,12.72,12.8,12.74,12.58,23102.36,0.03,0.24,12.648,12.636,12.7,20787.66,19556.69,23265.3
2017-03-17,12.72,12.85,12.71,12.64,27139.89,0.01,0.08,12.594,12.645,12.706,19518.17,19567.63,24528.04
2017-03-16,12.56,12.74,12.7,12.55,21618.5,0.14,1.11,12.556,12.646,12.701,17262.73,18592.64,25036.4
2017-03-15,12.53,12.58,12.56,12.4,15747.05,0.03,0.24,12.518,12.644,12.695,17785.84,19436.59,25414.28
2017-03-14,12.49,12.59,12.53,12.45,16330.49,0.06,0.48,12.564,12.667,12.69,17923.63,20304.57,26841.49
2017-03-13,12.52,12.56,12.47,12.4,16754.91,-0.05,-0.4,12.624,12.694,12.687,18325.73,21269.25,27681.11
2017-03-10,12.52,12.58,12.52,12.44,15862.68,0.01,0.08,12.696,12.72,12.691,19617.09,22328.86,28811.89
2017-03-09,12.74,12.81,12.51,12.5,24234.08,-0.28,-2.19,12.736,12.749,12.693,19922.55,23637.46,32051.38
2017-03-08,12.83,12.87,12.79,12.75,16436.01,-0.04,-0.31,12.77,12.767,12.687,21087.34,23770.53,32785.26
2017-03-07,12.82,12.87,12.83,12.74,18340.97,0.0,0.0,12.77,12.765,12.662,22685.51,25825.43,33867.04
2017-03-06,12.72,12.84,12.83,12.62,23211.69,0.11,0.86,12.764,12.763,12.639,24212.76,26973.91,33974.2
2017-03-03,12.69,12.77,12.72,12.64,17390.02,0.04,0.32,12.744,12.767,12.612,25040.63,29488.46,34024.4
2017-03-02,12.79,12.83,12.68,12.67,30058.0,-0.11,-0.86,12.762,12.755,12.589,27352.36,31480.17,33748.56
2017-03-01,12.84,12.86,12.79,12.74,24426.86,-0.01,-0.08,12.764,12.746,12.567,26453.71,31391.98,33136.38
2017-02-28,12.73,12.84,12.8,12.68,25977.25,0.07,0.55,12.76,12.713,12.533,28965.35,33378.4,33081.23
2017-02-27,12.77,12.86,12.73,12.65,27351.0,-0.08,-0.62,12.762,12.679,12.5,29735.05,34092.96,32592.13
2017-02-24,12.8,12.84,12.81,12.65,28948.67,0.12,0.95,12.79,12.661,12.476,33936.29,35294.92,32184.07
2017-02-23,12.78,12.78,12.69,12.58,25564.79,-0.08,-0.63,12.748,12.637,12.445,35607.98,40465.31,31511.25
2017-02-22,12.8,12.95,12.77,12.67,36985.03,-0.04,-0.31,12.728,12.607,12.415,36330.24,41799.99,31155.29
2017-02-21,12.78,12.86,12.81,12.67,29825.76,-0.06,-0.47,12.666,12.559,12.391,37791.46,41908.66,31645.54
2017-02-20,12.57,12.9,12.87,12.51,48357.19,0.27,2.14,12.596,12.514,12.359,38450.88,40974.5,30897.89
2017-02-17,12.55,12.68,12.6,12.48,37307.13,0.01,0.08,12.532,12.456,12.322,36653.55,38560.35,30081.28
2017-02-16,12.46,12.62,12.59,12.39,29176.09,0.13,1.04,12.526,12.422,12.323,45322.65,36016.95,29460.57
2017-02-15,12.43,12.54,12.46,12.4,44291.12,0.0,0.0,12.486,12.388,12.339,47269.75,34880.78,29390.97
2017-02-14,12.51,12.68,12.46,12.39,33122.85,-0.09,-0.72,12.452,12.352,12.371,46025.86,32784.06,28794.89
2017-02-13,12.5,12.6,12.55,12.45,39370.54,-0.02,-0.16,12.432,12.32,12.422,43498.13,31091.3,29550.63
2017-02-10,12.37,12.65,12.57,12.34,80652.64,0.18,1.45,12.38,12.29,12.46,40467.15,29073.22,29328.49
2017-02-09,12.29,12.39,12.39,12.23,38911.59,0.1,0.81,12.318,12.252,12.502,26711.25,22557.18,27062.84
2017-02-08,12.32,12.33,12.29,12.1,38071.69,-0.07,-0.57,12.29,12.222,12.549,22491.82,20510.59,26875.65
2017-02-07,12.3,12.38,12.36,12.25,20484.18,0.07,0.57,12.252,12.222,12.599,19542.26,21382.42,26661.46
2017-02-06,12.29,12.34,12.29,12.21,24215.65,0.03,0.24,12.208,12.203,12.638,18684.47,20821.29,26639.89
2017-02-03,12.25,12.31,12.26,12.16,11873.14,0.01,0.08,12.2,12.187,12.675,17679.3,21602.21,26851.9
2017-01-26,12.18,12.34,12.25,12.1,17814.44,0.15,1.24,12.186,12.224,12.724,18403.11,22904.2,28107.31
2017-01-25,12.14,12.18,12.1,12.02,23323.9,-0.04,-0.33,12.154,12.289,12.767,18529.35,23901.16,27773.38
2017-01-24,12.25,12.25,12.14,12.1,16195.24,-0.11,-0.9,12.192,12.39,12.815,23222.58,24805.72,27342.04
2017-01-23,12.22,12.3,12.25,12.18,19189.76,0.06,0.49,12.198,12.524,12.86,22958.1,28009.95,27503.68
2017-01-20,12.15,12.3,12.19,12.09,15492.21,0.1,0.83,12.174,12.63,12.897,25525.13,29583.75,27586.94
2017-01-19,12.29,12.3,12.09,12.08,18445.65,-0.2,-1.63,12.262,12.752,12.948,27405.28,31568.49,28421.85
2017-01-18,12.17,12.39,12.29,11.95,46790.03,0.12,0.99,12.424,12.876,13.005,29272.97,33240.72,29276.7
2017-01-17,12.06,12.25,12.17,11.88,14872.85,0.04,0.33,12.588,12.976,13.05,26388.86,31940.5,27865.37
2017-01-16,12.65,12.65,12.13,11.7,32024.9,-0.5,-3.96,12.85,13.073,13.1,33061.81,32458.49,28154.17
2017-01-13,12.81,12.95,12.63,12.63,24892.98,-0.27,-2.09,13.086,13.162,13.161,33642.37,32101.58,28181.39
2017-01-12,13.13,13.16,12.9,12.89,27784.11,-0.21,-1.6,13.242,13.224,13.207,35731.7,33310.43,28085.49
2017-01-11,13.41,13.45,13.11,13.1,32369.47,-0.37,-2.75,13.328,13.244,13.235,37208.46,31645.6,29411.5
2017-01-10,13.33,13.55,13.48,13.22,48237.58,0.17,1.28,13.364,13.24,13.246,37492.15,29878.35,29723.96
2017-01-09,13.29,13.4,13.31,13.17,34927.73,-0.1,-0.75,13.296,13.195,13.228,31855.16,26997.41,29079.51
2017-01-06,13.33,13.55,13.41,13.23,35339.63,0.08,0.6,13.238,13.164,13.247,30560.78,25590.13,28324.81
2017-01-05,13.29,13.37,13.33,13.2,35167.9,0.04,0.3,13.206,13.144,13.267,30889.16,25275.22,28066.38
2017-01-04,13.14,13.32,13.29,13.04,33787.89,0.15,1.14,13.16,13.134,13.288,26082.74,25312.69,27638.58
2017-01-03,13.15,13.17,13.14,13.04,20052.67,0.12,0.92,13.116,13.124,13.309,22264.56,23790.24,26887.9
2016-12-30,13.26,13.34,13.02,12.97,28455.83,-0.23,-1.74,13.094,13.127,13.334,22139.65,23849.86,28148.13
2016-12-29,13.09,13.39,13.25,12.81,36981.51,0.15,1.15,13.09,13.16,13.385,20619.48,24261.21,29646.75
2016-12-28,13.06,13.15,13.1,13.0,11135.8,0.03,0.23,13.082,13.19,13.447,19661.27,22860.55,32445.87
2016-12-27,13.09,13.17,13.07,12.95,14697.0,0.04,0.31,13.108,13.226,13.504,24542.63,27177.39,37234.64
2016-12-26,12.9,13.08,13.03,12.8,19428.13,0.03,0.23,13.132,13.252,13.554,25315.91,29569.57,38278.76
2016-12-23,13.19,13.19,13.0,12.99,20854.96,-0.21,-1.59,13.16,13.26,13.602,25560.07,31161.6,38407.61
2016-12-22,13.19,13.25,13.21,13.08,32190.46,-0.02,-0.15,13.23,13.33,13.655,27902.93,31059.48,38889.94
2016-12-21,13.19,13.29,13.23,13.14,35542.62,0.04,0.3,13.298,13.39,13.694,26059.83,30857.54,38822.57
2016-12-20,13.18,13.33,13.19,13.09,18563.39,0.02,0.15,13.344,13.442,13.728,29812.15,29964.47,38680.13
2016-12-19,13.35,13.42,13.17,13.11,20648.91,-0.18,-1.35,13.372,13.494,13.778,33823.22,29985.56,39796.24
2016-12-16,13.45,13.6,13.35,13.29,32569.27,-0.2,-1.48,13.36,13.54,13.827,36763.14,32446.4,41798.65
2016-12-15,13.41,13.73,13.55,13.32,22974.96,0.09,0.67,13.43,13.609,13.845,34216.03,35032.3,41705.56
2016-12-14,13.26,13.87,13.46,13.22,54304.22,0.13,0.97,13.482,13.703,13.863,35655.25,42031.19,41894.98
2016-12-13,12.95,13.55,13.33,12.92,38618.73,0.22,1.68,13.54,13.781,13.891,30116.78,47291.88,40371.9
2016-12-12,13.63,13.73,13.11,13.03,35348.52,-0.59,-4.31,13.616,13.856,13.925,26147.91,46987.96,39801.23
2016-12-09,13.72,13.85,13.7,13.67,19833.71,-0.11,-0.8,13.72,13.944,13.974,28129.67,45653.61,40013.75
2016-12-08,13.76,14.09,13.81,13.66,30171.09,0.06,0.44,13.788,13.98,13.991,35848.57,46720.4,40903.08
2016-12-07,13.69,13.77,13.75,13.52,26611.86,0.04,0.29,13.924,13.997,13.992,48407.13,46787.6,40635.22
2016-12-06,13.64,13.84,13.71,13.59,18774.37,0.09,0.66,14.022,14.014,13.985,64466.98,47395.79,40716.75
2016-12-05,13.85,13.97,13.63,13.56,45257.3,-0.41,-2.92,14.096,14.061,13.988,67828.0,49606.92,40732.08
2016-12-02,14.41,14.43,14.04,14.0,58428.21,-0.45,-3.11,14.168,14.114,13.995,63177.55,51150.9,39983.27
2016-12-01,14.15,14.49,14.49,14.09,92963.9,0.25,1.76,14.172,14.081,13.972,57592.22,48378.83,38094.95
2016-11-30,14.05,14.46,14.24,13.74,106911.14,0.16,1.14,14.07,14.023,13.932,45168.07,41758.76,34770.71
2016-11-29,13.99,14.1,14.08,13.81,35579.47,0.09,0.64,14.006,14.0,13.905,30324.6,33451.91,30565.32
2016-11-28,14.06,14.14,13.99,13.94,22005.03,-0.07,-0.5,14.026,13.993,13.896,31385.83,32614.5,29685.82
2016-11-25,13.87,14.09,14.06,13.67,30501.58,0.08,0.57,14.06,14.004,13.891,39124.24,34373.88,30075.85
2016-11-24,13.93,14.17,13.98,13.88,30843.15,0.06,0.43,13.99,14.001,13.872,39165.44,35085.76,29812.81
2016-11-23,14.17,14.18,13.92,13.9,32693.75,-0.26,-1.83,13.976,13.986,13.871,38349.45,34482.84,30161.38
2016-11-22,14.19,14.24,14.18,14.03,40885.64,0.01,0.07,13.994,13.955,13.88,36579.22,34037.72,30749.13
2016-11-21,13.71,14.26,14.16,13.7,60697.1,0.45,3.28,13.96,13.914,13.875,33843.16,31857.24,29696.64
2016-11-18,13.88,13.97,13.71,13.66,30707.54,-0.19,-1.37,13.948,13.876,13.873,29623.52,28815.64,28647.49
2016-11-17,14.04,14.05,13.91,13.87,26763.24,-0.1,-0.71,14.012,13.863,13.897,31006.09,27811.06,29279.94
2016-11-16,14.05,14.1,14.01,13.95,23842.57,-0.01,-0.07,13.996,13.841,13.903,30616.23,27782.65,29374.82
2016-11-15,14.11,14.11,14.01,13.9,27205.35,-0.1,-0.71,13.916,13.81,13.9,31496.22,27678.73,29831.42
2016-11-14,13.99,14.15,14.1,13.9,39598.92,0.07,0.5,13.868,13.799,13.902,29871.33,26757.14,29928.47
2016-11-11,13.84,14.04,14.03,13.71,37620.35,0.21,1.52,13.804,13.777,13.892,28007.75,25777.81,30351.48
2016-11-10,13.7,13.85,13.83,13.68,24813.98,0.22,1.62,13.714,13.742,13.892,24616.03,24539.86,30288.58
2016-11-09,13.79,13.83,13.61,13.37,28242.5,-0.16,-1.16,13.686,13.756,13.895,24949.06,25839.91,30247.49
2016-11-08,13.79,13.89,13.77,13.71,19080.89,-0.01,-0.07,13.704,13.804,13.91,23861.25,27460.55,30483.72
2016-11-07,13.56,13.8,13.78,13.5,30281.04,0.21,1.55,13.73,13.835,13.911,23642.96,27536.04,30888.79
2016-11-04,13.69,13.79,13.58,13.5,20661.76,-0.11,-0.8,13.75,13.869,13.907,23547.86,28479.35,30655.32
2016-11-03,13.65,13.81,13.69,13.54,26479.12,0.0,0.0,13.77,13.93,13.9,24463.68,30748.83,30265.73
2016-11-02,13.92,13.92,13.7,13.65,22803.42,-0.23,-1.65,13.826,13.964,13.888,26730.77,30967.0,29766.76
2016-11-01,13.86,13.96,13.9,13.81,17989.46,0.02,0.14,13.904,13.989,13.87,31059.85,31984.11,29281.05
2016-10-31,13.69,14.0,13.88,13.63,29805.54,0.19,1.39,13.94,14.004,13.841,31429.13,33099.8,29391.96
2016-10-28,13.97,14.04,13.68,13.62,25240.84,-0.29,-2.08,13.988,14.007,13.803,33410.83,34925.15,29341.87
2016-10-27,14.09,14.11,13.97,13.81,37814.57,-0.12,-0.85,14.09,14.041,13.802,37033.98,36037.31,29486.36
2016-10-26,14.06,14.27,14.09,14.0,44448.85,0.02,0.14,14.102,14.034,13.795,35203.23,34655.07,29315.37
2016-10-25,14.12,14.13,14.08,14.01,19835.84,-0.04,-0.28,14.074,14.015,13.775,32908.36,33506.88,28173.31
2016-10-24,14.19,14.28,14.12,13.96,39714.07,-0.07,-0.49,14.068,13.986,13.756,34770.47,34241.54,28477.85
2016-10-21,14.09,14.35,14.19,13.95,43356.58,0.12,0.85,14.026,13.945,13.745,36439.47,32831.29,27909.54
2016-10-20,13.89,14.12,14.03,13.88,28660.82,0.08,0.57,13.992,13.87,13.718,35040.64,29782.63,27021.42
2016-10-19,14.0,14.13,13.95,13.85,32974.49,-0.1,-0.71,13.966,13.811,13.702,34106.9,28566.52,28484.23
2016-10-18,13.89,14.1,14.05,13.86,29146.37,0.13,0.93,13.956,13.751,13.681,34105.4,26577.99,29897.02
2016-10-17,14.03,14.56,13.91,13.85,48059.11,-0.12,-0.85,13.904,13.678,13.697,33712.61,25684.13,31919.56
2016-10-14,13.91,14.06,14.02,13.75,36362.43,0.13,0.94,13.864,13.599,13.73,29223.11,23758.59,35122.89
2016-10-13,13.89,13.98,13.9,13.81,23992.09,0.0,0.0,13.748,13.563,13.744,24524.62,22935.41,37217.03
2016-10-12,13.78,14.0,13.9,13.71,32967.02,0.11,0.8,13.656,13.555,13.746,23026.15,23975.68,37449.44
2016-10-11,13.76,13.84,13.79,13.61,27182.38,0.09,0.66,13.546,13.535,13.735,19050.57,22839.74,37434.25
2016-10-10,13.77,13.77,13.71,13.53,25611.62,0.27,2.01,13.452,13.525,13.727,17655.66,22714.16,37923.33
2016-09-30,13.37,13.48,13.44,13.37,12870.01,-0.01,-0.07,13.334,13.545,13.729,18294.08,22987.8,37897.52
2016-09-29,13.3,13.47,13.44,13.3,16499.72,0.1,0.75,13.378,13.565,13.755,21346.2,24260.2,38448.71
2016-09-28,13.29,13.43,13.35,13.21,13089.1,0.02,0.15,13.454,13.592,13.783,24925.21,28401.94,39050.3
2016-09-27,13.13,13.38,13.32,13.09,20207.84,0.2,1.52,13.524,13.611,13.81,26628.91,33216.06,39305.75
2016-09-26,13.61,13.68,13.12,13.09,28803.72,-0.5,-3.67,13.598,13.715,13.838,27772.66,38154.98,39779.72
2016-09-23,13.8,13.85,13.66,13.59,28130.61,-0.17,-1.23,13.756,13.861,13.872,27681.51,46487.19,40894.06
2016-09-22,13.8,13.87,13.82,13.68,34394.79,0.11,0.8,13.752,13.924,13.902,27174.21,51498.65,40703.6
2016-09-21,13.68,13.8,13.7,13.62,21607.6,0.02,0.15,13.73,13.937,13.925,31878.66,50923.21,40550.18
2016-09-20,13.8,13.87,13.69,13.65,25926.6,-0.19,-1.37,13.698,13.935,13.958,39803.2,52028.77,41664.05
2016-09-19,13.65,13.95,13.91,13.55,28347.97,0.27,1.98,13.832,13.928,13.998,48537.3,53132.51,42549.08
2016-09-14,13.64,13.76,13.64,13.5,25594.08,-0.07,-0.51,13.966,13.913,14.029,65292.87,52807.23,43849.26
2016-09-13,13.65,13.81,13.71,13.4,57917.07,0.17,1.26,14.096,13.945,14.089,75823.09,52637.22,44876.55
2016-09-12,14.0,14.0,13.54,13.5,61230.29,-0.83,-5.78,14.144,13.973,14.136,69967.75,49698.67,44820.08
2016-09-09,14.65,14.78,14.36,14.34,69597.11,-0.23,-1.58,14.172,14.009,14.188,64254.33,45395.44,44926.4
2016-09-08,14.26,14.76,14.58,14.16,112125.82,0.29,2.03,14.024,13.961,14.185,57727.71,41404.46,43134.91
2016-09-07,13.9,14.44,14.29,13.85,78245.17,0.34,2.44,13.86,13.882,14.162,40321.59,35300.92,39592.29
2016-09-06,13.65,13.97,13.95,13.63,28640.37,0.25,1.82,13.794,13.879,14.161,29451.35,29908.56,38273.38
2016-09-05,13.65,13.93,13.68,13.63,32663.2,0.08,0.59,13.802,13.913,14.187,29429.58,30177.15,39465.54
2016-09-02,13.74,13.85,13.62,13.46,36964.0,-0.14,-1.02,13.846,13.981,14.214,26536.55,31299.34,39849.61
2016-09-01,13.94,14.04,13.76,13.73,25095.23,-0.22,-1.57,13.898,14.067,14.235,25081.21,31965.65,40181.73
2016-08-31,13.95,14.0,13.96,13.87,23893.95,-0.03,-0.21,13.904,14.144,14.261,30280.25,34891.28,41595.64
2016-08-30,13.88,14.04,13.99,13.79,28531.51,0.11,0.79,13.964,14.233,14.272,30365.77,37115.87,42445.86
2016-08-29,13.93,13.97,13.9,13.72,18198.05,0.02,0.14,14.024,14.298,14.283,30924.73,39941.49,43687.22
2016-08-26,13.88,14.17,13.88,13.85,29687.32,0.08,0.58,14.116,14.366,14.29,36062.13,44457.35,45652.3
2016-08-25,14.23,14.23,13.79,13.69,51090.4,-0.46,-3.23,14.236,14.408,14.326,38850.1,44865.36,48203.03
2016-08-24,14.3,14.35,14.26,14.23,24321.56,-0.04,-0.28,14.384,14.442,14.402,39502.31,43883.66,50678.52
2016-08-23,14.32,14.43,14.29,14.15,31326.3,-0.06,-0.42,14.502,14.443,14.471,43865.98,46638.21,57471.96
2016-08-22,14.43,14.57,14.36,14.14,43885.07,-0.07,-0.48,14.572,14.46,14.56,48958.25,48753.93,61928.81
2016-08-19,14.49,14.63,14.48,14.21,43627.15,-0.04,-0.28,14.616,14.446,14.603,52852.57,48399.89,64914.15
2016-08-18,14.8,14.82,14.53,14.48,54351.48,-0.32,-2.15,14.58,14.402,14.671,50880.62,48397.8,69379.7
2016-08-17,14.58,14.9,14.85,14.5,46139.9,0.22,1.5,14.5,14.378,14.724,48265.0,48300.0,76456.4
2016-08-16,14.56,14.89,14.64,14.48,56787.66,0.06,0.41,14.384,14.31,14.741,49410.43,47775.85,78188.48
2016-08-15,14.41,14.69,14.58,14.15,63356.66,0.29,2.03,14.348,14.267,14.77,48549.61,47432.95,83749.88
2016-08-12,14.2,14.38,14.3,14.03,33767.41,0.15,1.06,14.276,14.213,14.829,43947.21,46847.24,92968.14
2016-08-11,14.24,14.44,14.13,14.0,41273.39,-0.15,-1.05,14.224,14.244,14.832,45914.98,51540.71,94529.74
2016-08-10,14.42,14.56,14.27,14.27,51867.04,-0.2,-1.38,14.256,14.361,14.84,48334.99,57473.39,95712.52
2016-08-09,14.2,14.66,14.46,14.12,52483.55,0.24,1.69,14.236,14.499,14.835,46141.26,68305.71,96041.94
2016-08-08,14.0,14.25,14.22,13.82,40344.65,0.19,1.35,14.186,14.66,14.817,46316.29,75103.7,96224.7
2016-08-05,14.06,14.44,14.04,14.03,43606.25,-0.25,-1.75,14.15,14.76,14.796,49747.27,81428.4,96405.65
2016-08-04,14.11,14.49,14.29,13.91,53373.47,0.13,0.92,14.264,14.939,14.789,57166.44,90361.61,96978.59
2016-08-03,14.18,14.25,14.17,14.02,40898.37,-0.04,-0.28,14.466,15.069,14.779,66611.78,104612.81,97380.76
2016-08-02,14.05,14.3,14.21,13.86,53358.72,0.17,1.21,14.762,15.171,14.782,90470.16,108601.11,98063.3
2016-08-01,14.63,14.65,14.04,13.76,57499.56,-0.57,-3.9,15.134,15.273,14.783,103891.1,120066.81,99108.81
2016-07-29,15.07,15.23,14.61,14.55,80702.07,-0.67,-4.38,15.37,15.445,14.785,113109.53,139089.04,99470.08
2016-07-28,15.36,15.58,15.3,14.86,100600.2,-0.36,-2.3,15.614,15.419,14.746,123556.78,137518.78,99261.58
2016-07-27,16.05,16.56,15.65,14.5,160190.23,-0.38,-2.37,15.672,15.319,14.688,142613.84,133951.66,100716.44
2016-07-26,15.11,16.1,16.07,15.11,120463.44,0.86,5.65,15.58,15.17,14.587,126732.05,123778.16,95230.0
2016-07-25,15.7,15.75,15.22,15.03,103591.7,-0.61,-3.85,15.412,14.973,14.469,136242.53,117345.7,92632.55
2016-07-22,15.5,16.19,15.83,15.45,132938.34,0.22,1.41,15.52,14.831,14.397,165068.55,111382.9,90704.45
2016-07-21,15.18,16.3,15.59,15.12,195885.47,0.44,2.9,15.224,14.639,14.272,151480.77,103595.57,88343.51
2016-07-20,15.15,15.27,15.19,14.96,80781.32,-0.03,-0.2,14.966,14.488,14.167,125289.48,90148.7,82477.65
2016-07-19,15.59,15.59,15.23,14.98,168015.81,-0.51,-3.24,14.76,14.392,14.102,120824.27,87525.5,84522.08
2016-07-18,14.28,15.77,15.76,14.1,247721.8,1.42,9.9,14.534,14.293,14.034,98448.87,78150.8,82684.77
2016-07-15,14.33,14.39,14.35,13.95,64999.44,0.03,0.21,14.142,14.124,13.877,57697.26,59851.13,72641.59
2016-07-14,14.18,14.38,14.3,14.13,64929.05,0.14,0.99,14.054,14.072,13.787,55710.38,61004.39,71583.05
2016-07-13,14.08,14.26,14.16,13.99,58455.26,0.09,0.64,14.01,14.057,13.706,55007.92,67481.23,71803.84
2016-07-12,13.74,14.13,14.1,13.62,56138.81,0.29,2.1,14.024,14.003,13.616,54226.72,66681.84,71499.67
2016-07-11,13.89,14.02,13.8,13.77,43963.72,-0.11,-0.79,14.052,13.964,13.516,57852.73,67919.39,71202.2
2016-07-08,14.01,14.19,13.91,13.87,55065.04,-0.16,-1.14,14.106,13.962,13.421,62005.0,70026.0,72911.82
2016-07-07,14.18,14.24,14.08,13.87,61416.77,-0.15,-1.05,14.09,13.905,13.384,66298.4,73091.44,74127.98
2016-07-06,14.37,14.38,14.23,14.07,54549.27,-0.02,-0.14,14.104,13.846,13.353,79954.54,74806.6,73346.55
2016-07-05,14.15,14.37,14.24,13.91,74268.87,0.18,1.28,13.982,13.812,13.318,79136.97,81518.65,73294.78
2016-07-04,13.75,14.19,14.07,13.61,64725.07,0.22,1.59,13.876,13.775,13.289,77986.05,87218.74,73036.7
2016-07-01,14.15,14.24,13.83,13.72,76532.02,-0.32,-2.26,13.818,13.629,13.279,78047.0,85432.05,73886.02
2016-06-30,13.78,14.78,14.15,13.69,129697.45,0.53,3.89,13.72,13.501,13.279,79884.49,82161.72,75702.75
2016-06-29,13.77,13.8,13.62,13.55,50461.42,-0.09,-0.66,13.588,13.355,13.254,69658.66,76126.44,74905.0
2016-06-28,13.85,13.85,13.71,13.45,68514.31,-0.07,-0.51,13.642,13.229,13.219,83900.34,76317.49,75409.35
2016-06-27,13.34,13.85,13.78,13.2,65029.78,0.47,3.53,13.674,13.068,13.188,96451.43,74485.0,75668.16
2016-06-24,13.5,13.73,13.34,12.8,85719.47,-0.16,-1.19,13.44,12.879,13.173,92817.11,75797.65,77299.01
2016-06-23,13.69,13.88,13.49,13.42,78568.3,-0.39,-2.81,13.282,12.863,13.17,84438.95,75164.51,77377.45
2016-06-22,13.67,13.9,13.89,13.39,121669.85,0.02,0.14,13.122,12.86,13.177,82594.23,71886.51,79512.36
2016-06-21,12.68,13.87,13.87,12.52,131269.75,1.26,9.99,12.816,12.823,13.206,68734.64,65070.92,82890.93
2016-06-20,12.68,12.79,12.61,12.35,46858.18,0.05,0.4,12.462,12.803,13.206,52518.58,58854.67,86628.16
2016-06-17,12.8,12.8,12.55,12.5,43828.65,-0.14,-1.1,12.318,12.928,13.207,58778.18,62339.98,85110.65
2016-06-16,12.41,12.84,12.69,12.37,69344.72,0.32,2.59,12.444,13.056,13.241,65890.08,69243.78,87283.39
2016-06-15,11.95,12.56,12.36,11.88,52371.9,0.24,1.98,12.598,13.152,13.272,61178.8,73683.56,88279.98
2016-06-14,11.88,12.17,12.1,11.68,50189.44,0.19,1.59,12.83,13.208,13.325,61407.19,74501.21,90392.22
2016-06-13,12.8,12.98,11.89,11.89,78156.21,-1.3,-9.86,13.144,13.308,13.402,65190.75,76851.32,92904.89
2016-06-08,13.58,13.58,13.18,13.18,79388.14,-0.26,-1.94,13.538,13.466,13.503,65901.77,78800.38,93888.14
2016-06-07,13.56,13.63,13.46,13.3,45788.29,-0.06,-0.44,13.668,13.476,13.526,72597.47,79590.39,94923.85
2016-06-06,13.67,13.79,13.52,13.46,53513.87,-0.17,-1.24,13.706,13.494,13.531,86188.33,87138.21,98703.51
2016-06-03,13.8,13.9,13.67,13.58,69107.25,-0.17,-1.23,13.586,13.588,13.532,87595.23,100710.95,102469.32
2016-06-02,13.82,14.0,13.86,13.53,81711.32,0.04,0.29,13.472,13.609,13.519,88511.89,114401.66,105502.23
2016-06-01,13.75,13.88,13.83,13.5,112866.62,0.17,1.25,13.394,13.485,13.485,91698.98,107881.32,107881.32
2016-05-31,12.92,13.77,13.65,12.92,113742.59,0.73,5.65,13.284,13.447,13.447,86583.3,107327.4,107327.4
2016-05-30,13.14,13.2,12.92,12.9,60548.37,-0.21,-1.6,13.282,13.421,13.421,88088.08,106525.5,106525.5
2016-05-27,13.57,13.57,13.1,13.0,73690.53,-0.37,-2.75,13.59,13.493,13.493,113826.67,113093.66,113093.66
2016-05-26,13.3,13.54,13.47,12.72,97646.8,0.19,1.43,13.746,13.558,13.558,140291.43,119660.85,119660.85
2016-05-25,13.77,13.78,13.28,13.23,87288.22,-0.38,-2.78,13.576,13.576,13.576,124063.66,124063.66,124063.66
2016-05-24,14.3,14.3,13.64,13.62,121266.49,-0.82,-5.67,13.65,13.65,13.65,133257.53,133257.53,133257.53
2016-05-23,13.99,15.26,14.46,13.89,189241.33,0.58,4.18,13.653,13.653,13.653,137254.54,137254.54,137254.54
2016-05-20,13.05,13.88,13.88,12.8,206014.3,1.26,9.98,13.25,13.25,13.25,111261.14,111261.14,111261.14
2016-05-19,12.62,12.62,12.62,12.62,16507.98,1.15,10.03,12.62,12.62,12.62,16507.98,16507.98,16507.98
